Time,Velocity,Altitude,Pressure,Temperature,Pitch, 
2011:81:14:03:76,282.4861991770972,10170.82601968794,69.34525420820327,-28.17493282702972,14.948770872780049,
2011:81:14:03:78,288.9837818243357,10112.402457608105,77.11620327398904,2.0226497160854464,11.680080240636997,
2011:81:14:03:80,253.5355772745016,10115.88606549384,78.34282485660708,5.290856783284639,10.06309228752275,
2011:81:14:03:83,275.6357627827717,10138.777481265171,74.82640411776687,8.238030596190626,14.145442348513203,
2011:81:14:03:88,273.1425538546158,10043.210268940464,67.4058100273362,20.173349477538096,13.748083826062881,
2011:81:14:03:89,253.25606673514454,10096.902712815756,80.97487358285301,44.48773486419199,14.343226794140296,
2011:81:14:03:95,264.06030690943896,10165.838659575602,69.2948153941757,3.2436512613621673,13.157420267738484,
2011:81:14:03:97,273.24058990812455,10068.697781506455,79.98033020241054,-7.258139430366086,13.490003719422472,
